POS	Sample	REF	ALT	ALT_FREQ	clade
0	s10	A	A	0	20A
0	s12	A	A	0	20A
0	s14	A	A	0	20A
0	s22	A	A	0	20A
221	s12	T	C	0.365267	20A
241	s12	C	T	0.999222	20A
241	s22	C	T	0.999515	20A
344	s10	C	T	0.0501475	20A
344	s14	C	T	0.0301508	20A
1059	s10	C	T	0.560639	20C
3037	s12	C	T	0.999602	20A
5792	s10	G	A	0.98861	20A
12412	s14	C	T	0.998657	multi
14408	s10	C	T	0.999816	20A
14408	s12	C	T	0.999556	20A
14408	s14	C	T	0.998437	20A
14408	s22	C	T	0.999219	20A
18246	s12	C	T	0.999233	20A
18486	s22	C	T	0.999774	20A
20268	s14	A	G	1	20A/20268
20268	s22	A	G	1	20A/20268
21742	s14	C	T	0.954463	20C
22643	s10	T	A	0.116883	19B
22644	s10	G	C	0.135135	19B
22645	s10	T	A	0.128571	19B
23126	s10	G	T	0.0352269	20C
23403	s14	A	G	0.999241	20A
23403	s22	A	G	0.999489	20A
24076	s10	T	C	0.347791	20A/20268
25049	s12	G	T	0.527424	multi
26528	s14	A	T	0.567857	20A
27752	s12	C	T	0.555556	multi
28854	s22	C	T	1	multi
28881	s14	G	A	1	20B
28882	s14	G	A	1	20B
28883	s14	G	C	1	20B
29000	s22	G	T	0.279805	multi
29903	s10	A	A	0	20A
29903	s12	A	A	0	20A
29903	s14	A	A	0	20A
29903	s22	A	A	0	20A
